model,mae,rmse,mape
Prophet,5.32009202989083,5.946374457175538,35.42391004615149
LSTM,3.6324399552630293,4.01222756619461,23.96381444394785
Ensemble,4.123588081122433,4.611285474830212,27.578222444849725
